{
  "codename": "d_vuefront",
  "version": "1.1.0",
  "name": "Vuefront CMS Connect",
  "description": "Vuefront CMS Connect App for OpenCart. Adds GraphQL API to OpenCart to connect with VueFront Web App",
  "index": "extension/module/d_vuefront",
  "author": {
    "name": "VueFront",
    "email": "info@dreamvention.com",
    "url": "https://vuefront.com/"
  },
  "opencart_version": [
    "2.0.0.0",
    "2.0.1.0",
    "2.0.1.1",
    "2.0.2.0",
    "2.0.3.1",
    "2.1.0.1",
    "2.1.0.2",
    "2.2.0.0",
    "2.3.0.0",
    "2.3.0.1",
    "2.3.0.2",
    "3.0.0.0",
    "3.0.1.1",
    "3.0.1.2",
    "3.0.2.0",
    "3.0.3.1"
  ],
  "type": "module",
  "license": {
    "type": "free",
    "url": "https://shopunity.net/licenses/free"
  },
  "support": {
    "email": "support@vuefront.com",
    "url": "https://vuefront.com/"
  },
  "install": {
    "url": "extension/module/install&extension=d_vuefront"
  },
  "uninstall": {
    "url": "extension/module/uninstall&extension=d_vuefront"
  },
  "required": {
    "d_twig_manager": ">= 1.5.5",
    "d_opencart_patch": ">=1.0.0"
  },
  "files": [
    "system/library/d_shopunity/extension/d_vuefront.json",
    "admin/controller/extension/module/d_vuefront.php",
    "admin/language/en-gb/extension/module/d_vuefront.php",
    "admin/view/template/extension/module/d_vuefront.twig",
    "catalog/controller/extension/module/d_vuefront.php",
    "catalog/model/extension/module/d_vuefront.php"
  ],
  "dirs": [
    "admin/view/image/d_vuefront",
    "admin/view/javascript/d_vuefront",
    "catalog/controller/extension/d_vuefront",
    "catalog/controller/extension/module/d_vuefront_schema",
    "catalog/model/extension/d_vuefront",
    "system/library/d_graphql"
  ],
  "changelog": [
    {
      "version": "1.1.0",
      "change": "Added new API"
    },
    {
      "version": "1.0.0",
      "change": "First version"
    }
  ]
}